City_ID,City,Country,Date,Lat,Lng,Max Temp,Humidity,Cloudiness,Wind Speed
0,Summerville,US,2022-02-08 19:18:32,33.0185,-80.1757,50.99,87,100,8.05
1,Necochea,AR,2022-02-08 19:17:07,-38.5473,-58.7368,76.95,44,0,7.02
2,Hermanus,ZA,2022-02-08 19:21:01,-34.4187,19.2345,68.81,92,85,7.05
3,Vostok,RU,2022-02-08 19:21:01,46.4856,135.8833,-3.57,99,100,3.71
4,Kapaa,US,2022-02-08 19:21:02,22.0752,-159.319,75.52,69,0,12.66
5,Haines Junction,CA,2022-02-08 19:21:02,60.7522,-137.5108,31.95,74,100,6.91
6,Tessalit,ML,2022-02-08 19:21:02,20.1986,1.0114,72.27,8,0,9.46
7,Jerantut,MY,2022-02-08 19:21:03,3.936,102.3626,72.28,99,100,1.63
8,Puerto Escondido,MX,2022-02-08 19:21:03,15.85,-97.0667,85.03,70,40,6.91
9,Upernavik,GL,2022-02-08 19:21:04,72.7868,-56.1549,-15.48,91,100,6.26
10,Lebu,CL,2022-02-08 19:21:04,-37.6167,-73.65,66.47,80,50,18.14
11,Den Helder,NL,2022-02-08 19:21:04,52.9599,4.7593,50.02,89,100,17.27
12,Porterville,US,2022-02-08 19:21:05,36.0652,-119.0168,69.6,55,0,2.89
13,Ushuaia,AR,2022-02-08 19:17:39,-54.8,-68.3,58.62,47,40,12.66
14,Petropavlovsk-Kamchatskiy,RU,2022-02-08 19:21:05,53.0452,158.6483,18.19,86,75,2.24
15,Torbay,CA,2022-02-08 19:16:59,47.6666,-52.7314,31.26,81,100,17.27
16,Disna,BY,2022-02-08 19:21:06,55.568,28.1971,30.38,97,100,12.15
17,Cidreira,BR,2022-02-08 19:21:07,-30.1811,-50.2056,74.98,65,49,14.14
18,Tuktoyaktuk,CA,2022-02-08 19:21:07,69.4541,-133.0374,-43.6,66,20,4.61
19,Te Anau,NZ,2022-02-08 19:21:07,-45.4167,167.7167,55.8,88,100,2.21
20,Ginda,IN,2022-02-08 19:21:08,30.6945,78.4932,40.19,69,80,5.3
21,Thompson,CA,2022-02-08 19:21:08,55.7435,-97.8558,19.56,79,100,13.8
22,Ponta Do Sol,PT,2022-02-08 19:21:09,32.6667,-17.1,70.12,27,41,8.66
23,Busselton,AU,2022-02-08 19:21:09,-33.65,115.3333,55.04,82,0,7.58
24,Provideniya,RU,2022-02-08 19:21:09,64.3833,-173.3,-14.82,83,1,12.5
25,Nikolskoye,RU,2022-02-08 19:21:10,59.7035,30.7861,28.29,96,100,4.85
26,Sitka,US,2022-02-08 19:21:10,57.0531,-135.33,46.29,76,100,20.71
27,Bluff,NZ,2022-02-08 19:21:11,-46.6,168.3333,49.8,91,100,12.1
28,Mataura,NZ,2022-02-08 19:21:11,-46.1927,168.8643,49.48,98,100,2.95
29,Negara,ID,2022-02-08 19:21:12,-8.3151,114.6025,76.6,89,45,0.56
30,Atbasar,KZ,2022-02-08 19:21:12,51.8,68.3333,14.27,92,100,9.73
31,Joao Pessoa,BR,2022-02-08 19:21:12,-7.115,-34.8631,86.23,62,40,9.22
32,Indian Head,US,2022-02-08 19:21:13,38.6001,-77.1622,50.36,52,40,7.0
33,Kaeo,NZ,2022-02-08 19:21:13,-35.1,173.7833,74.32,98,89,8.23
34,Broome,US,2022-02-08 19:21:14,42.2506,-75.833,35.1,70,100,8.05
35,Gold Coast,AU,2022-02-08 19:20:05,-28.0,153.4333,66.16,90,27,3.44
36,Boda,CF,2022-02-08 19:21:14,4.3189,17.4695,79.14,19,26,1.88
37,Port Alfred,ZA,2022-02-08 19:21:15,-33.5906,26.891,74.1,88,4,3.29
38,Albany,US,2022-02-08 19:19:43,42.6001,-73.9662,37.02,69,100,4.0
39,Castro,BR,2022-02-08 19:21:15,-24.7911,-50.0119,72.7,75,75,5.12
40,Caravelas,BR,2022-02-08 19:21:16,-17.7125,-39.2481,83.86,61,99,9.24
41,Cape Town,ZA,2022-02-08 19:20:59,-33.9258,18.4232,69.28,71,0,11.5
42,Itaituba,BR,2022-02-08 19:21:16,-4.2761,-55.9836,95.16,59,40,5.75
43,Lakhtar,IN,2022-02-08 19:19:18,22.85,71.7833,70.25,58,2,6.78
44,Hilo,US,2022-02-08 19:21:17,19.7297,-155.09,74.8,68,75,4.61
45,Codrington,AU,2022-02-08 19:22:17,-38.2667,141.9667,67.55,67,100,4.63
46,Hobart,AU,2022-02-08 19:18:54,-42.8794,147.3294,55.06,87,75,5.75
47,Vardo,NO,2022-02-08 19:22:18,70.3705,31.1107,30.18,74,75,23.02
48,Narsaq,GL,2022-02-08 19:22:18,60.9167,-46.05,1.62,61,10,6.64
49,Mananara,MG,2022-02-08 19:22:19,-16.1667,49.7667,76.87,92,100,1.9
50,Atuona,PF,2022-02-08 19:22:19,-9.8,-139.0333,78.12,78,22,17.56
51,Nouadhibou,MR,2022-02-08 19:22:20,20.931,-17.0347,71.58,68,92,8.05
52,Sant Julia De Loria,AD,2022-02-08 19:22:20,42.4625,1.4825,45.57,55,69,2.28
53,Guerrero Negro,MX,2022-02-08 19:22:21,27.9769,-114.0611,71.49,23,95,2.01
54,Taltal,CL,2022-02-08 19:22:21,-25.4,-70.4833,69.24,71,24,4.9
55,Bredasdorp,ZA,2022-02-08 19:22:22,-34.5322,20.0403,69.12,73,1,9.22
56,Toppenish,US,2022-02-08 19:22:22,46.3774,-120.3087,49.87,71,100,1.66
57,Kirakira,SB,2022-02-08 19:22:22,-10.4544,161.9205,79.81,85,100,10.25
58,Mena,UA,2022-02-08 19:22:23,51.5217,32.2157,29.14,90,100,5.46
59,San Patricio,US,2022-02-08 19:22:23,28.017,-97.5169,68.41,30,0,3.49
60,Huambo,AO,2022-02-08 19:21:24,-12.7761,15.7392,59.47,98,100,4.68
61,Hastings,GB,2022-02-08 19:22:24,50.8552,0.5729,51.39,76,100,17.45
62,Lorengau,PG,2022-02-08 19:22:24,-2.0226,147.2712,81.25,82,100,9.19
63,Tasiilaq,GL,2022-02-08 19:22:25,65.6145,-37.6368,19.56,81,100,8.46
64,Nome,US,2022-02-08 19:22:25,64.5011,-165.4064,1.47,55,100,21.85
65,Airai,TL,2022-02-08 19:22:26,-8.9266,125.4092,60.6,96,100,1.45
66,Vila Franca Do Campo,PT,2022-02-08 19:22:26,37.7167,-25.4333,61.2,74,98,7.31
67,Padang,ID,2022-02-08 19:22:26,-0.9492,100.3543,77.76,81,100,5.57
68,Matara,LK,2022-02-08 19:22:27,5.9485,80.5353,75.49,79,97,4.79
69,Dawson,US,2022-02-08 19:22:27,31.7735,-84.4466,55.51,29,100,6.46
70,Puerto Ayora,EC,2022-02-08 19:22:28,-0.7393,-90.3518,82.36,69,62,10.71
71,Alamor,EC,2022-02-08 19:22:28,-4.0181,-80.0197,67.24,80,100,4.56
72,Sao Jose Da Coroa Grande,BR,2022-02-08 19:22:28,-8.8978,-35.1478,83.26,66,0,11.77
73,Yellowknife,CA,2022-02-08 19:21:19,62.456,-114.3525,-14.58,79,75,4.61
74,College,US,2022-02-08 19:18:05,64.8569,-147.8028,-2.25,74,75,4.61
75,Rikitea,PF,2022-02-08 19:22:29,-23.1203,-134.9692,78.33,73,40,10.65
76,Mar Del Plata,AR,2022-02-08 19:22:30,-38.0023,-57.5575,69.82,78,0,13.8
77,Brigantine,US,2022-02-08 19:22:30,39.4101,-74.3646,47.14,57,0,24.16
78,Punta Arenas,CL,2022-02-08 19:17:31,-53.15,-70.9167,57.31,44,40,21.85
79,Gazli,UZ,2022-02-08 19:22:31,40.1333,63.45,40.24,50,35,4.85
80,Qaanaaq,GL,2022-02-08 19:22:31,77.484,-69.3632,-11.78,93,100,4.74
81,Tenenkou,ML,2022-02-08 19:22:32,14.4572,-4.9169,80.85,8,0,9.91
82,Zihuatanejo,MX,2022-02-08 19:22:32,17.6333,-101.55,86.09,66,20,10.36
83,Sao Joao Da Barra,BR,2022-02-08 19:22:32,-21.6403,-41.0511,77.09,85,58,6.64
84,Beringovskiy,RU,2022-02-08 19:22:33,63.05,179.3167,-21.98,91,5,12.26
85,Cabo San Lucas,MX,2022-02-08 19:22:33,22.8909,-109.9124,83.61,53,0,10.36
86,Gorontalo,ID,2022-02-08 19:22:34,0.5412,123.0595,72.97,94,100,3.4
87,Luanda,AO,2022-02-08 19:22:34,-8.8368,13.2343,77.0,78,0,9.22
88,Launceston,AU,2022-02-08 19:19:32,-41.45,147.1667,55.15,87,73,1.14
89,Dikson,RU,2022-02-08 19:23:35,73.5069,80.5464,3.4,94,100,22.1
90,East London,ZA,2022-02-08 19:23:35,-33.0153,27.9116,76.26,85,2,12.55
91,Hecelchakan,MX,2022-02-08 19:23:36,20.1667,-90.1333,69.08,94,100,8.03
92,Shubarshi,KZ,2022-02-08 19:23:36,48.5872,57.1869,12.29,98,93,4.83
93,Talara,PE,2022-02-08 19:23:37,-4.5772,-81.2719,81.36,57,75,9.22
94,Saint-Joseph,RE,2022-02-08 19:23:37,-21.3667,55.6167,75.58,84,40,9.48
95,Coquimbo,CL,2022-02-08 19:23:37,-29.9533,-71.3436,69.53,68,40,12.66
96,Fortuna,US,2022-02-08 19:23:38,40.5982,-124.1573,58.98,78,0,5.75
97,Faya,SA,2022-02-08 19:23:38,18.3851,42.4509,55.51,67,27,2.59
98,Gabu,GW,2022-02-08 19:23:39,12.2833,-14.2167,88.39,7,4,5.12
99,Matamoros,MX,2022-02-08 19:23:39,25.5333,-103.25,57.31,30,0,0.0
100,Pevek,RU,2022-02-08 19:23:39,69.7008,170.3133,-32.08,100,50,5.37
101,Chokurdakh,RU,2022-02-08 19:23:40,70.6333,147.9167,-43.83,100,97,5.41
102,Kitgum,UG,2022-02-08 19:23:40,3.2783,32.8867,83.79,25,68,4.09
103,Tuatapere,NZ,2022-02-08 19:23:40,-46.1333,167.6833,49.82,92,88,4.25
104,Acton Vale,CA,2022-02-08 19:23:41,45.6501,-72.5658,31.53,95,100,1.99
105,Saint George,US,2022-02-08 19:23:10,37.1041,-113.5841,63.36,26,0,4.61
106,Chuy,UY,2022-02-08 19:23:41,-33.6971,-53.4616,74.12,52,4,11.59
107,Bethel,US,2022-02-08 19:23:42,41.3712,-73.414,44.11,78,100,11.5
108,Sydney,AU,2022-02-08 19:21:29,-33.8679,151.2073,63.7,90,20,4.61
109,Nelson Bay,AU,2022-02-08 19:23:42,-32.7167,152.15,63.0,95,11,4.59
110,Nabire,ID,2022-02-08 19:23:43,-3.3667,135.4833,74.59,93,100,5.26
111,Mangan,IN,2022-02-08 19:23:43,27.5167,88.5333,50.47,73,95,2.15
112,Khani,GE,2022-02-08 19:23:44,41.9563,42.9566,40.57,77,100,8.5
113,Zelenoborsk,RU,2022-02-08 19:23:44,61.4669,64.0333,4.48,96,90,6.93
114,The Valley,AI,2022-02-08 19:23:44,18.217,-63.0578,82.26,54,20,12.66
115,Linhares,BR,2022-02-08 19:23:45,-19.3911,-40.0722,83.28,71,100,9.46
116,Port Elizabeth,ZA,2022-02-08 19:23:45,-33.918,25.5701,62.89,94,0,6.91
117,Erzin,TR,2022-02-08 19:23:46,36.9559,36.2,48.72,85,73,7.4
118,Newport,GB,2022-02-08 19:22:41,51.5877,-2.9984,52.86,84,100,15.75
119,Vaini,TO,2022-02-08 19:23:46,-21.2,-175.2,79.75,83,82,23.78
120,Alofi,NU,2022-02-08 19:23:47,-19.0595,-169.9187,73.29,94,100,8.05
121,Georgetown,MY,2022-02-08 19:18:55,5.4112,100.3354,78.73,90,40,3.44
122,Quang Ngai,VN,2022-02-08 19:23:47,15.1167,108.8,72.43,93,96,3.18
123,Clarksdale,US,2022-02-08 19:21:03,34.2001,-90.5709,55.56,47,0,10.36
124,Jamestown,US,2022-02-08 19:23:37,42.097,-79.2353,29.52,58,100,13.8
125,Kavieng,PG,2022-02-08 19:23:48,-2.5744,150.7967,81.18,80,100,8.41
126,Salym,RU,2022-02-08 19:23:48,60.0625,71.4789,-0.78,98,54,5.59
127,Kenai,US,2022-02-08 19:21:59,60.5544,-151.2583,30.15,96,100,12.66
128,Andenes,NO,2022-02-08 19:23:49,69.3143,16.1194,33.78,86,100,17.27
129,Nueva Germania,PY,2022-02-08 19:23:49,-23.9,-56.5667,91.51,19,0,5.68
130,Bilma,NE,2022-02-08 19:23:50,18.6853,12.9164,69.66,9,0,6.46
131,Hofn,IS,2022-02-08 19:23:50,64.2539,-15.2082,31.39,71,100,11.36
132,Brookhaven,US,2022-02-08 19:23:51,31.5791,-90.4407,59.95,37,0,2.57
133,Bandarbeyla,SO,2022-02-08 19:23:51,9.4942,50.8122,75.54,66,6,17.16
134,Kochi,IN,2022-02-08 19:24:51,9.9399,76.2602,75.18,82,100,5.7
135,Poanas,MX,2022-02-08 19:21:20,25.7667,-103.6167,57.13,30,0,4.05
136,Zhuanghe,CN,2022-02-08 19:24:52,39.7008,122.9911,28.29,66,69,1.48
137,Tateyama,JP,2022-02-08 19:24:52,34.9833,139.8667,42.82,81,46,13.09
138,Dingle,PH,2022-02-08 19:24:53,10.9995,122.6711,74.5,90,65,9.46
139,Yulara,AU,2022-02-08 19:24:53,-25.2406,130.9889,75.04,88,100,6.91
140,Kodiak,US,2022-02-08 19:24:54,57.79,-152.4072,27.91,69,0,17.27
141,Lebork,PL,2022-02-08 19:24:54,54.5392,17.7501,42.35,84,26,20.09
142,Qalyub,EG,2022-02-08 19:24:54,30.1792,31.2056,67.28,27,1,5.17
143,Longyearbyen,SJ,2022-02-08 19:24:55,78.2186,15.6401,17.44,62,75,8.05
144,Lesnoy,RU,2022-02-08 19:24:55,57.6198,63.0784,4.69,98,74,5.68
145,Fort Nelson,CA,2022-02-08 19:24:56,58.8053,-122.7002,0.99,78,100,4.61
146,Cuauhtemoc,MX,2022-02-08 19:24:56,28.4167,-106.8667,47.71,16,0,5.91
147,Capaccio,IT,2022-02-08 19:24:56,40.4244,15.0809,46.58,72,0,5.77
148,Kaoma,ZM,2022-02-08 19:24:57,-14.7833,24.8,65.16,95,100,1.72
149,Malabo,GQ,2022-02-08 19:24:57,3.75,8.7833,82.26,94,20,8.05
150,Klaksvik,FO,2022-02-08 19:24:58,62.2266,-6.589,36.52,72,97,39.88
151,Lavrentiya,RU,2022-02-08 19:24:58,65.5833,-171.0,-26.52,97,37,12.66
152,Catamarca,AR,2022-02-08 19:20:43,-28.4696,-65.7852,89.78,36,35,3.0
153,Katherine,AU,2022-02-08 19:24:58,-14.4667,132.2667,77.32,88,75,0.0
154,Kangaatsiaq,GL,2022-02-08 19:24:59,68.3065,-53.4641,-8.61,91,100,12.71
155,General Pico,AR,2022-02-08 19:21:12,-35.6566,-63.7568,83.97,35,100,6.6
156,Harper,LR,2022-02-08 19:24:59,4.375,-7.7169,79.5,82,6,7.58
157,Khatanga,RU,2022-02-08 19:25:00,71.9667,102.5,2.21,79,100,17.63
158,Ndungu,TZ,2022-02-08 19:25:00,-4.3667,38.05,75.31,62,65,4.07
159,Port Macquarie,AU,2022-02-08 19:25:01,-31.4333,152.9167,58.96,90,7,4.56
160,Saint-Philippe,RE,2022-02-08 19:25:01,-21.3585,55.7679,76.59,84,44,9.06
161,Geraldton,AU,2022-02-08 19:25:02,-28.7667,114.6,66.61,77,0,17.27
162,Tshikapa,CD,2022-02-08 19:25:02,-6.4167,20.8,72.81,92,100,0.81
163,Barrow,US,2022-02-08 19:25:03,71.2906,-156.7887,-30.98,100,20,6.91
164,Kavaratti,IN,2022-02-08 19:25:03,10.5669,72.642,79.03,71,83,13.53
165,Vanimo,PG,2022-02-08 19:25:04,-2.6741,141.3028,76.78,90,90,1.63
166,Bathsheba,BB,2022-02-08 19:25:04,13.2167,-59.5167,83.01,57,40,17.27
167,Ingham,US,2022-02-08 19:25:05,42.6,-84.3833,30.83,61,0,8.05
168,Vuktyl,RU,2022-02-08 19:25:05,63.8567,57.3094,-2.81,93,17,4.72
169,Furstenwalde,DE,2022-02-08 19:25:06,52.3667,14.0667,49.08,89,100,15.19
170,Neuquen,AR,2022-02-08 19:23:50,-38.9516,-68.0591,93.09,14,0,11.5
171,Saldanha,ZA,2022-02-08 19:25:06,-33.0117,17.9442,66.25,93,15,10.8
172,Cooma,AU,2022-02-08 19:25:07,-36.2333,149.1333,44.37,100,100,0.0
173,Esna,EG,2022-02-08 19:25:07,25.2934,32.554,64.42,20,0,8.08
174,Deputatskiy,RU,2022-02-08 19:25:07,69.3,139.9,-37.23,98,68,5.12
175,Boyolangu,ID,2022-02-08 19:25:08,-8.1181,111.8935,74.44,94,100,7.25
176,Nyurba,RU,2022-02-08 19:25:09,63.2842,118.3319,-18.42,99,100,2.59
177,Leningradskiy,RU,2022-02-08 19:25:09,69.3833,178.4167,-27.4,80,11,3.24
178,Waw,SS,2022-02-08 19:25:09,7.7029,27.9953,78.53,17,100,4.61
179,Aloleng,PH,2022-02-08 19:25:10,16.1307,119.7824,77.41,77,100,7.76
180,Arraial Do Cabo,BR,2022-02-08 19:26:10,-22.9661,-42.0278,73.26,94,75,13.8
181,Lufkin,US,2022-02-08 19:26:11,31.3382,-94.7291,63.84,22,0,3.44
182,Edd,ER,2022-02-08 19:26:11,13.9297,41.6925,82.29,56,2,19.19
183,Shahreza,IR,2022-02-08 19:26:12,32.0339,51.8794,38.89,38,0,3.89
184,Cheney,US,2022-02-08 19:26:12,47.4874,-117.5758,42.78,80,40,6.91
185,Carnarvon,AU,2022-02-08 19:26:13,-24.8667,113.6333,75.27,73,0,14.97
186,Avarua,CK,2022-02-08 19:26:13,-21.2078,-159.775,78.85,89,75,5.75
187,Labuan,MY,2022-02-08 19:26:13,5.2767,115.2417,78.96,94,20,2.3
188,Tura,IN,2022-02-08 19:26:14,25.5198,90.2201,54.25,75,4,3.2
189,Sur,OM,2022-02-08 19:26:14,22.5667,59.5289,70.36,53,0,11.34
190,Tiksi,RU,2022-02-08 19:26:15,71.6872,128.8694,-22.36,99,59,8.05
191,Dalvik,IS,2022-02-08 19:26:15,65.9702,-18.5286,28.33,95,100,19.57
192,Touros,BR,2022-02-08 19:26:15,-5.1989,-35.4608,88.7,59,5,16.22
193,Victoria,HK,2022-02-08 19:21:25,22.2855,114.1577,61.32,84,100,5.01
194,Olavarria,AR,2022-02-08 19:26:16,-36.8927,-60.3225,76.01,51,0,6.42
195,Lompoc,US,2022-02-08 19:26:16,34.6391,-120.4579,78.57,45,0,3.44
196,Boddam,GB,2022-02-08 19:26:17,57.4667,-1.7833,43.38,69,100,17.52
197,Srivardhan,IN,2022-02-08 19:26:17,18.0333,73.0167,68.2,82,9,6.06
198,Asau,RO,2022-02-08 19:26:18,46.4333,26.4,30.4,89,9,5.01
199,Otrado-Kubanskoye,RU,2022-02-08 19:26:18,45.2442,40.8408,40.8,80,100,5.53
200,Peniche,PT,2022-02-08 19:26:18,39.3558,-9.3811,60.75,70,0,6.73
201,Mount Pleasant,US,2022-02-08 19:21:59,32.7941,-79.8626,51.19,87,100,8.05
202,Buala,SB,2022-02-08 19:26:19,-8.145,159.5921,80.26,83,100,10.13
203,Okha,RU,2022-02-08 19:26:19,53.5739,142.9478,15.84,94,100,18.57
204,Imeni Babushkina,RU,2022-02-08 19:26:20,59.7573,43.1285,25.65,96,100,7.0
205,Kaabong,UG,2022-02-08 19:26:20,3.4836,34.1492,72.07,37,38,13.42
206,Kaitangata,NZ,2022-02-08 19:26:21,-46.2817,169.8464,54.34,95,100,5.91
207,Rio Grande,BR,2022-02-08 19:21:56,-32.035,-52.0986,77.95,56,54,13.02
208,Olbernhau,DE,2022-02-08 19:26:21,50.6667,13.3333,41.86,95,99,15.64
209,Norman Wells,CA,2022-02-08 19:26:22,65.282,-126.8329,-27.36,62,75,0.0
210,Fairbanks,US,2022-02-08 19:22:35,64.8378,-147.7164,-2.24,74,75,4.61
211,Namibe,AO,2022-02-08 19:26:22,-15.1961,12.1522,73.74,79,100,10.6
212,Cherskiy,RU,2022-02-08 19:26:23,68.75,161.3,-41.57,100,87,4.41
213,Hamilton,US,2022-02-08 19:26:23,39.1834,-84.5333,45.0,56,0,12.66
214,Praia Da Vitoria,PT,2022-02-08 19:26:24,38.7333,-27.0667,60.76,94,75,10.33
215,Katangli,RU,2022-02-08 19:26:24,51.7102,143.2326,13.73,94,100,14.52
216,Inta,RU,2022-02-08 19:26:25,66.0317,60.1659,-7.17,91,100,3.51
217,Eyl,SO,2022-02-08 19:26:25,7.9803,49.8164,75.06,69,4,18.39
218,Analipsis,GR,2022-02-08 19:26:25,35.3167,25.5667,50.11,79,100,28.74
219,Buchanan,LR,2022-02-08 19:26:26,5.8808,-10.0467,84.16,76,89,8.84
220,Ribeira Grande,PT,2022-02-08 19:26:26,38.5167,-28.7,59.4,82,40,3.44
221,Gunnedah,AU,2022-02-08 19:26:27,-30.9833,150.25,55.02,56,4,3.98
222,Qiqihar,CN,2022-02-08 19:26:27,47.3408,123.9672,10.04,91,80,12.26
223,Galle,LK,2022-02-08 19:21:54,6.0367,80.217,78.33,73,100,1.77
224,Bengkulu,ID,2022-02-08 19:27:28,-3.8004,102.2655,76.03,86,100,5.32
225,Najran,SA,2022-02-08 19:27:28,17.4924,44.1277,57.85,32,3,2.93
226,Itupiranga,BR,2022-02-08 19:27:29,-5.1347,-49.3267,91.72,85,76,3.51
227,Adet,ET,2022-02-08 19:27:29,11.2644,37.4888,59.65,67,8,4.09
228,Manhumirim,BR,2022-02-08 19:27:30,-20.3578,-41.9581,75.9,89,100,4.0
229,Broken Hill,AU,2022-02-08 19:27:30,-31.95,141.4333,65.91,88,84,5.75
230,Rosario,AR,2022-02-08 19:26:01,-32.9468,-60.6393,87.94,33,0,6.91
231,Nantucket,US,2022-02-08 19:27:31,41.2835,-70.0995,42.04,95,100,18.14
232,Kamenka,RU,2022-02-08 19:27:31,51.3223,42.7678,32.76,98,100,13.62
233,Caska,MK,2022-02-08 19:27:31,41.6506,21.6622,36.12,74,29,6.93
234,Niquelandia,BR,2022-02-08 19:27:32,-14.4739,-48.4597,79.38,77,100,3.18
235,Kristiinankaupunki,FI,2022-02-08 19:27:32,62.2743,21.376,26.65,92,9,7.63
236,Roebourne,AU,2022-02-08 19:27:33,-20.7833,117.1333,83.52,74,90,7.56
237,Faanui,PF,2022-02-08 19:27:33,-16.4833,-151.75,81.48,78,15,20.29
238,Acarau,BR,2022-02-08 19:27:34,-2.8856,-40.12,84.56,69,9,16.82
239,Los Llanos De Aridane,ES,2022-02-08 19:27:34,28.6585,-17.9182,65.12,78,0,13.8
240,Kushima,JP,2022-02-08 19:27:34,31.4583,131.2333,45.41,85,100,8.01
241,Scarborough,GB,2022-02-08 19:27:35,54.2797,-0.4044,53.53,88,100,3.0
242,Tanete,ID,2022-02-08 19:27:35,-3.9443,119.7848,74.62,96,100,2.68
243,Yar-Sale,RU,2022-02-08 19:27:35,66.8333,70.8333,0.23,89,100,16.08
244,Mbandaka,CD,2022-02-08 19:27:36,0.0487,18.2603,80.42,34,87,4.85
245,Kieta,PG,2022-02-08 19:27:36,-6.2167,155.6333,80.04,85,100,6.93
246,Luebo,CD,2022-02-08 19:27:37,-5.35,21.4167,73.22,87,100,2.37
247,Sayyan,YE,2022-02-08 19:27:37,15.1718,44.3244,52.86,34,22,4.45
248,Coihaique,CL,2022-02-08 19:27:37,-45.5752,-72.0662,66.15,34,20,10.36
249,Aranos,NA,2022-02-08 19:27:38,-24.1333,19.1167,77.31,47,100,8.95
250,Suntar,RU,2022-02-08 19:27:38,62.1444,117.6319,-13.77,98,100,4.23
251,Nemuro,JP,2022-02-08 19:27:39,43.3236,145.575,23.76,72,60,13.44
252,Viedma,AR,2022-02-08 19:27:39,-40.8135,-62.9967,91.18,20,96,7.07
253,Pangai,TO,2022-02-08 19:27:39,-19.8,-174.35,79.21,84,100,23.35
254,Kahului,US,2022-02-08 19:27:40,20.8947,-156.47,76.96,71,20,16.11
255,Nuuk,GL,2022-02-08 19:27:40,64.1835,-51.7216,5.61,66,40,18.41
256,La Ronge,CA,2022-02-08 19:27:41,55.1001,-105.2842,17.85,73,100,17.27
257,Cayenne,GF,2022-02-08 19:27:41,4.9333,-52.3333,84.24,77,75,11.5
258,Havre-Saint-Pierre,CA,2022-02-08 19:27:41,50.2334,-63.5986,21.56,86,100,16.11
259,Luang Prabang,LA,2022-02-08 19:27:42,19.8856,102.1347,62.26,65,98,0.49
260,Rabaul,PG,2022-02-08 19:27:42,-4.1967,152.1721,81.46,76,100,5.66
261,Denizli,TR,2022-02-08 19:27:43,37.8402,29.0698,38.25,91,96,1.7
262,Krasnaya Poyma,RU,2022-02-08 19:27:43,55.0014,39.08,29.98,88,100,5.73
263,Astoria,US,2022-02-08 19:27:43,46.1879,-123.8313,47.55,97,100,6.91
264,Sobolevo,RU,2022-02-08 19:27:44,54.4299,31.8996,22.39,94,100,7.56
265,Razole,IN,2022-02-08 19:27:44,16.4833,81.8333,68.74,86,60,3.22
266,Sandnessjoen,NO,2022-02-08 19:27:45,66.0217,12.6316,37.51,76,40,18.41
267,Blagoyevo,RU,2022-02-08 19:27:45,63.3667,47.9167,19.26,93,100,9.8
268,Zuenoula,CI,2022-02-08 19:27:45,7.4292,-6.0431,85.84,28,74,2.01
269,Hornepayne,CA,2022-02-08 19:27:46,49.2138,-84.7705,26.17,79,100,9.86
270,Great Bend,US,2022-02-08 19:27:46,38.3645,-98.7648,61.32,20,0,25.32
271,Tazovskiy,RU,2022-02-08 19:28:46,67.4667,78.7,-2.09,83,100,17.0
272,Las Vegas,US,2022-02-08 19:26:21,36.175,-115.1372,68.23,19,0,6.91
273,Montana,BG,2022-02-08 19:28:47,43.4125,23.225,31.55,61,6,14.52
274,Annau,TM,2022-02-08 19:28:47,37.8876,58.516,36.9,56,0,0.0
275,Khovu-Aksy,RU,2022-02-08 19:28:48,51.1333,93.6,-5.49,86,100,3.8
276,Clyde River,CA,2022-02-08 19:28:48,70.4692,-68.5914,-23.57,69,75,4.61
277,Muros,ES,2022-02-08 19:28:49,42.7762,-9.0603,59.5,76,6,4.83
278,Vila Do Maio,CV,2022-02-08 19:28:49,15.1333,-23.2167,74.19,79,0,11.07
279,Aklavik,CA,2022-02-08 19:28:49,68.2191,-135.0107,-37.37,66,40,0.0
280,New Norfolk,AU,2022-02-08 19:28:50,-42.7826,147.0587,54.72,73,59,1.72
281,Lodja,CD,2022-02-08 19:28:50,-3.4833,23.4333,73.49,81,85,1.95
282,Nanchong,CN,2022-02-08 19:28:50,30.7951,106.0847,39.09,93,100,3.31
283,Husavik,IS,2022-02-08 19:28:51,66.0449,-17.3389,28.31,93,100,24.14
284,Tabas,IR,2022-02-08 19:28:51,33.5959,56.9244,50.23,31,93,2.98
285,Yumen,CN,2022-02-08 19:28:52,40.2833,97.2,18.5,52,11,7.36
286,Barreiras,BR,2022-02-08 19:28:52,-12.1528,-44.99,82.42,69,100,3.85
287,Acapulco,MX,2022-02-08 19:27:52,16.8634,-99.8901,85.82,62,40,6.91
288,Outjo,NA,2022-02-08 19:28:53,-20.1167,16.15,74.61,57,100,18.48
289,Butaritari,KI,2022-02-08 19:28:53,3.0707,172.7902,81.54,77,73,13.76
290,Pemba,MZ,2022-02-08 19:28:53,-12.974,40.5178,79.5,89,75,10.36
291,Sorsk,RU,2022-02-08 19:28:54,54.0033,90.2467,-11.18,100,100,4.81
292,Kununurra,AU,2022-02-08 19:27:09,-15.7667,128.7333,78.78,83,100,3.44
293,Kungurtug,RU,2022-02-08 19:28:54,50.5994,97.5228,-8.61,96,100,2.35
294,Aracati,BR,2022-02-08 19:28:55,-4.5617,-37.7697,86.45,57,11,13.02
295,Tarakan,ID,2022-02-08 19:28:55,3.3,117.6333,76.1,87,100,6.73
296,Sola,VU,2022-02-08 19:28:55,-13.8833,167.55,80.42,83,100,30.33
297,Mucuri,BR,2022-02-08 19:28:56,-18.0864,-39.5508,83.23,69,100,15.35
298,Katsuura,JP,2022-02-08 19:28:56,35.1333,140.3,42.91,84,85,10.04
299,Champerico,GT,2022-02-08 19:28:57,14.3,-91.9167,90.14,64,13,8.48
300,Marsabit,KE,2022-02-08 19:28:57,2.3284,37.9899,73.47,34,100,8.08
301,San Anselmo,US,2022-02-08 19:28:58,37.9747,-122.5616,69.71,64,0,1.01
302,Komsomolskiy,UZ,2022-02-08 19:28:58,40.4272,71.7189,35.02,86,40,6.91
303,Moranbah,AU,2022-02-08 19:28:58,-22.0016,148.0466,68.92,80,0,2.15
304,Grand Gaube,MU,2022-02-08 19:28:59,-20.0064,57.6608,76.37,78,93,3.0
305,Ahipara,NZ,2022-02-08 19:28:59,-35.1667,173.1667,73.58,94,94,7.09
306,Yambio,SS,2022-02-08 19:29:00,4.5721,28.3955,78.15,25,97,3.76
307,San Francisco,US,2022-02-08 19:25:12,37.7749,-122.4194,70.34,58,0,7.0
308,Lashio,MM,2022-02-08 19:29:00,22.9333,97.75,46.54,65,0,2.04
309,Skagen,DK,2022-02-08 19:29:01,57.7209,10.5839,42.28,77,13,26.71
310,Bosaso,SO,2022-02-08 19:29:01,11.2842,49.1816,75.25,70,49,6.2
311,Sayat,TM,2022-02-08 19:29:01,38.7839,63.8803,35.47,42,6,3.04
312,Ishinomaki,JP,2022-02-08 19:29:02,38.4167,141.3,31.32,73,8,9.98
313,Chengde,CN,2022-02-08 19:29:02,40.9725,117.9361,22.14,42,0,2.44
314,Port Hardy,CA,2022-02-08 19:29:03,50.6996,-127.4199,45.75,93,100,18.41
315,Saint-Francois,FR,2022-02-08 19:29:03,46.4154,3.9054,39.67,80,0,3.44
316,Vilyuysk,RU,2022-02-08 19:29:04,63.7553,121.6247,-39.71,100,96,1.57
317,Ancud,CL,2022-02-08 19:29:04,-41.8697,-73.8203,72.23,59,100,9.84
318,Teknaf,BD,2022-02-08 19:30:05,20.8624,92.3058,61.54,60,76,10.65
319,Iqaluit,CA,2022-02-08 19:30:05,63.7506,-68.5145,-0.31,77,100,9.22
320,Hithadhoo,MV,2022-02-08 19:30:06,-0.6,73.0833,82.63,69,100,15.05
321,Vila Velha,BR,2022-02-08 19:30:07,-20.3297,-40.2925,85.95,70,20,16.11
322,Kattivakkam,IN,2022-02-08 19:30:08,13.2167,80.3167,79.07,75,9,8.12
323,Tagusao,PH,2022-02-08 19:30:09,9.1924,117.8141,78.37,80,100,3.47
324,Pangkalanbuun,ID,2022-02-08 19:30:09,-2.6833,111.6167,74.43,96,100,0.45
325,Sredniy Ikorets,RU,2022-02-08 19:30:10,51.0675,39.7584,32.9,99,100,8.14
326,Pacific Grove,US,2022-02-08 19:25:14,36.6177,-121.9166,72.55,50,0,11.01
327,Mahebourg,MU,2022-02-08 19:30:10,-20.4081,57.7,76.24,88,40,3.44
328,Hobyo,SO,2022-02-08 19:30:11,5.3505,48.5268,76.64,72,29,20.2
329,Malya,TZ,2022-02-08 19:30:11,-2.9833,33.5167,66.69,81,67,4.0
330,Igarka,RU,2022-02-08 19:30:12,67.4667,86.5833,-11.16,92,100,11.97
331,Verkhoyansk,RU,2022-02-08 19:30:12,67.5447,133.385,-45.94,100,91,1.36
332,Poum,NC,2022-02-08 19:30:12,-20.2333,164.0167,81.75,85,100,26.19
333,Mayo,US,2022-02-08 19:30:13,38.8876,-76.5119,48.24,39,0,9.22
334,Hanzhong,CN,2022-02-08 19:30:13,33.0728,107.0303,33.22,72,100,0.38
335,Gao,ML,2022-02-08 19:30:14,16.6362,1.637,72.72,9,0,11.05
336,Bulolo,PG,2022-02-08 19:30:14,-7.2,146.65,71.89,99,100,0.98
337,Williams Lake,CA,2022-02-08 19:30:15,52.1415,-122.1445,36.97,78,100,10.36
338,Carmo Do Paranaiba,BR,2022-02-08 19:30:15,-19.0008,-46.3161,70.75,90,100,3.8
339,Makakilo City,US,2022-02-08 19:30:16,21.3469,-158.0858,75.69,63,0,9.22
340,Paamiut,GL,2022-02-08 19:30:16,61.994,-49.6678,-0.83,83,100,9.01
341,Wanaka,NZ,2022-02-08 19:25:42,-44.7,169.15,60.12,86,100,1.01
342,Traverse City,US,2022-02-08 19:26:30,44.7631,-85.6206,36.61,58,40,8.05
343,Natal,BR,2022-02-08 19:30:02,-5.795,-35.2094,88.45,66,20,16.11
344,Veraval,IN,2022-02-08 19:30:18,20.9,70.3667,67.89,79,5,11.07
345,Kyzyl-Suu,KG,2022-02-08 19:30:18,42.3414,78.0056,23.63,70,100,8.19
346,Ewa Beach,US,2022-02-08 19:30:18,21.3156,-158.0072,77.09,63,0,9.22
347,Xicotencatl,MX,2022-02-08 19:30:19,23.0167,-98.8833,67.03,35,10,2.21
348,La Asuncion,VE,2022-02-08 19:30:19,11.0333,-63.8628,79.63,70,45,15.55
349,Simpang Empat,MY,2022-02-08 19:30:20,4.95,100.6333,78.8,95,96,2.66
350,Koumac,NC,2022-02-08 19:30:20,-20.5667,164.2833,80.87,85,100,20.47
351,Puerto Lleras,CO,2022-02-08 19:30:21,3.0223,-73.4044,71.51,95,100,3.0
352,Souillac,MU,2022-02-08 19:30:21,-20.5167,57.5167,76.35,88,40,3.44
353,Sawakin,SD,2022-02-08 19:30:21,19.1059,37.3321,72.9,73,32,4.16
354,Camacha,PT,2022-02-08 19:30:22,33.0833,-16.3333,64.53,82,0,11.5
355,Ouegoa,NC,2022-02-08 19:30:22,-20.35,164.4333,81.01,82,100,14.05
356,Bambous Virieux,MU,2022-02-08 19:30:23,-20.3428,57.7575,76.21,88,40,3.44
357,Shache,CN,2022-02-08 19:30:23,38.4167,77.2406,28.42,49,100,5.17
358,Ngunguru,NZ,2022-02-08 19:30:23,-35.6167,174.5,74.16,99,79,10.25
359,Jam Sahib,PK,2022-02-08 19:29:16,26.2958,68.6292,57.22,48,0,4.74
360,Omsukchan,RU,2022-02-08 19:30:24,62.5333,155.8,-23.13,72,93,2.73
361,Port Lincoln,AU,2022-02-08 19:30:24,-34.7333,135.8667,65.32,77,100,9.6
362,Zambrow,PL,2022-02-08 19:30:25,52.9855,22.2432,42.57,85,100,13.33
363,Esperance,AU,2022-02-08 19:31:26,-33.8667,121.9,57.04,70,20,5.64
364,Kloulklubed,PW,2022-02-08 19:31:26,7.0419,134.2556,82.35,82,100,17.94
365,Mpanda,TZ,2022-02-08 19:31:27,-6.3655,31.0409,66.04,95,95,2.66
366,Darjiu,RO,2022-02-08 19:31:27,46.2,25.2,32.43,90,81,9.31
367,Mecca,SA,2022-02-08 19:31:17,21.4267,39.8261,72.3,77,1,2.64
368,Teya,RU,2022-02-08 19:31:28,60.3778,92.6267,-23.37,100,44,0.78
369,Rawah,IQ,2022-02-08 19:31:28,34.4816,41.9093,54.32,59,100,12.86
370,Ixtapa,MX,2022-02-08 19:26:48,20.7,-105.2,76.23,61,0,9.22
371,Mopipi,BW,2022-02-08 19:31:29,-21.1833,24.8833,78.53,34,0,3.36
372,Hambantota,LK,2022-02-08 19:31:30,6.1241,81.1185,76.37,66,100,14.36
373,Kudahuvadhoo,MV,2022-02-08 19:31:30,2.6708,72.8944,82.49,66,100,11.97
374,Lagoa,PT,2022-02-08 19:31:30,39.05,-27.9833,59.56,71,72,6.67
375,Mezhdurechensk,RU,2022-02-08 19:31:31,53.6942,88.0603,1.36,99,98,1.81
376,Sorong,ID,2022-02-08 19:31:31,-0.8833,131.25,78.33,85,100,5.48
377,Rawson,AR,2022-02-08 19:30:53,-43.3002,-65.1023,67.03,54,96,21.09
378,Oakley,US,2022-02-08 19:31:32,37.9974,-121.7124,69.04,41,0,4.0
379,Olinda,BR,2022-02-08 19:31:33,-8.0089,-34.8553,85.73,62,40,6.91
380,Kremasti,GR,2022-02-08 19:31:33,36.4111,28.1189,49.05,76,75,10.36
381,Medicine Hat,CA,2022-02-08 19:31:34,50.0501,-110.6683,44.04,49,100,2.3
382,Yuty,PY,2022-02-08 19:31:34,-26.6,-56.25,91.69,20,0,7.47
383,Samana,DO,2022-02-08 19:30:12,19.2056,-69.3369,84.42,74,20,11.5
384,Ilulissat,GL,2022-02-08 19:31:35,69.2167,-51.1,-5.78,65,20,20.71
385,Gidole,ET,2022-02-08 19:31:35,5.65,37.3667,65.32,30,35,5.41
386,Naro Moru,KE,2022-02-08 19:31:36,-0.1676,37.0213,54.12,75,13,1.59
387,Manicore,BR,2022-02-08 19:31:36,-5.8092,-61.3003,81.93,88,100,1.32
388,Sabzevar,IR,2022-02-08 19:31:37,36.2126,57.6819,39.99,46,7,0.72
389,Zhuhai,CN,2022-02-08 19:31:37,22.2769,113.5678,61.99,77,40,12.66
390,Seini,RO,2022-02-08 19:31:38,47.75,23.2833,35.74,87,100,2.3
391,Shimoda,JP,2022-02-08 19:31:38,34.6667,138.95,40.1,70,94,15.12
392,Koutiala,ML,2022-02-08 19:31:39,12.3917,-5.4642,82.74,11,87,8.16
393,Bereda,ES,2022-02-08 19:31:39,43.2686,-7.5406,47.95,79,1,1.83
394,Boffa,GN,2022-02-08 19:31:40,10.1667,-14.0333,79.5,75,100,6.62
395,Coos Bay,US,2022-02-08 19:31:41,43.3665,-124.2179,55.92,93,20,11.5
396,Douglas,US,2022-02-08 19:31:41,41.3,-96.167,59.99,34,0,20.71
397,Akcaabat,TR,2022-02-08 19:31:42,41.0212,39.5715,64.27,27,75,10.36
398,Ko Samui,TH,2022-02-08 19:31:42,9.5357,99.9357,82.36,74,4,10.92
399,Galesong,ID,2022-02-08 19:31:43,-5.3166,119.3661,77.02,84,100,5.06
400,Abilene,US,2022-02-08 19:31:13,32.4487,-99.7331,64.89,22,0,16.11
401,Colares,PT,2022-02-08 19:31:43,38.7992,-9.4469,60.46,55,0,5.01
402,Nishihara,JP,2022-02-08 19:32:44,26.1842,127.7558,61.88,83,40,8.05
403,Darhan,MN,2022-02-08 19:32:44,49.4867,105.9228,-1.08,99,100,1.54
404,Waingapu,ID,2022-02-08 19:32:45,-9.6567,120.2641,78.76,84,97,2.93
405,Barranca,PE,2022-02-08 19:32:45,-10.75,-77.7667,74.5,67,22,10.94
406,Orikum,AL,2022-02-08 19:32:45,40.3253,19.4714,44.33,55,0,13.8
407,Sarankhola,BD,2022-02-08 19:32:46,22.3082,89.7897,60.4,72,0,1.81
408,Muroto,JP,2022-02-08 19:32:46,33.2833,134.15,45.77,68,100,9.89
409,Ouro Preto Do Oeste,BR,2022-02-08 19:32:47,-10.7481,-62.2158,76.05,92,100,4.27
410,Tilichiki,RU,2022-02-08 19:32:47,60.4667,166.1,-18.44,90,16,8.99
411,San Cristobal,VE,2022-02-08 19:32:48,7.7669,-72.225,82.58,52,71,5.64
412,Hovd,MN,2022-02-08 19:32:48,48.0056,91.6419,-11.96,79,12,2.71
413,Turukhansk,RU,2022-02-08 19:32:48,65.8167,87.9833,-15.45,91,100,4.14
414,Saint-Augustin,CA,2022-02-08 19:32:49,51.226,-58.6502,15.93,93,92,8.88
415,Juba,SS,2022-02-08 19:32:49,4.8517,31.5825,79.63,26,26,3.0
416,Wewak,PG,2022-02-08 19:32:50,-3.5534,143.6268,78.26,85,67,0.31
417,Severo-Kurilsk,RU,2022-02-08 19:32:50,50.6789,156.125,30.47,92,95,27.96
418,Cairns,AU,2022-02-08 19:30:05,-16.9167,145.7667,75.15,93,22,10.36
419,Aleksandrov Gay,RU,2022-02-08 19:32:51,50.147,48.5704,20.61,93,100,8.23
420,Rongcheng,CN,2022-02-08 19:32:51,30.634,117.8517,38.32,97,100,1.72
421,North Bend,US,2022-02-08 19:32:52,43.4065,-124.2243,55.85,93,20,11.5
422,Cozumel,MX,2022-02-08 19:29:45,20.5083,-86.9458,82.38,79,75,6.91
423,Pundaguitan,PH,2022-02-08 19:32:53,6.3711,126.1689,79.7,81,100,11.56
424,Tautira,PF,2022-02-08 19:32:53,-17.7333,-149.15,84.22,77,72,18.81
425,Bundaberg,AU,2022-02-08 19:32:26,-24.85,152.35,66.49,90,18,6.91
426,Dudinka,RU,2022-02-08 19:32:54,69.4058,86.1778,-0.38,90,100,21.5
427,Tiassale,CI,2022-02-08 19:32:54,5.8983,-4.8283,79.43,75,26,5.39
428,Mackay,AU,2022-02-08 19:31:54,-21.15,149.2,69.67,94,2,5.75
429,Miraflores,MX,2022-02-08 19:32:55,19.2167,-98.8083,64.81,38,32,10.2
430,Maldonado,UY,2022-02-08 19:32:55,-34.6667,-54.9167,72.79,58,52,9.57
431,Winnemucca,US,2022-02-08 19:32:55,40.973,-117.7357,49.1,36,0,5.75
432,Sault Sainte Marie,CA,2022-02-08 19:31:07,46.5168,-84.3333,30.88,69,100,8.05
433,Presidente Prudente,BR,2022-02-08 19:32:56,-22.1256,-51.3889,90.95,43,0,0.0
434,Kon Tum,VN,2022-02-08 19:32:56,14.35,108.0,64.62,96,68,3.06
435,Buritizeiro,BR,2022-02-08 19:32:57,-17.3511,-44.9622,74.79,85,100,1.7
436,Talnakh,RU,2022-02-08 19:32:57,69.4865,88.3972,-0.8,96,100,11.18
437,Iraray,PH,2022-02-08 19:32:58,8.9936,118.0511,77.94,84,100,4.7
438,Oksfjord,NO,2022-02-08 19:32:58,70.2396,22.3479,32.18,89,100,9.46
439,Avera,US,2022-02-08 19:32:58,33.194,-82.5271,52.92,42,100,4.12
440,Lilongwe,MW,2022-02-08 19:32:59,-13.9669,33.7873,66.56,96,78,2.44
441,Marathon,US,2022-02-08 19:30:36,44.9,-89.7668,34.84,60,0,12.66
442,Khash,IR,2022-02-08 19:32:59,28.2211,61.2158,46.53,36,0,4.23
443,Kemijarvi,FI,2022-02-08 19:33:00,66.7131,27.4306,16.48,97,100,4.47
444,Ponnani,IN,2022-02-08 19:33:00,10.767,75.9252,78.12,86,100,5.86
445,Eyrarbakki,IS,2022-02-08 19:33:01,63.863,-21.1481,32.05,95,100,5.79
446,Mareeba,AU,2022-02-08 19:33:01,-17.0,145.4333,70.52,95,34,2.28
447,Rio Gallegos,AR,2022-02-08 19:28:18,-51.6226,-69.2181,62.65,23,40,24.16
448,Akyab,MM,2022-02-08 19:33:02,20.15,92.9,62.26,52,97,8.43
449,Rocha,UY,2022-02-08 19:34:03,-34.4833,-54.3333,71.65,56,1,9.71
450,Port Hawkesbury,CA,2022-02-08 19:34:03,45.6169,-61.3485,39.9,99,100,25.32
451,Hasaki,JP,2022-02-08 19:34:03,35.7333,140.8333,30.6,66,94,13.29
452,Taiyuan,CN,2022-02-08 19:30:28,37.8694,112.5603,17.46,73,0,2.24
453,Isangel,VU,2022-02-08 19:34:04,-19.55,169.2667,80.71,89,75,4.61
454,Batouri,CM,2022-02-08 19:34:04,4.4333,14.3667,75.97,22,59,2.57
455,Suleja,NG,2022-02-08 19:34:05,9.1758,7.1808,86.99,15,87,1.83
456,Nanortalik,GL,2022-02-08 19:34:05,60.1432,-45.2371,12.61,57,0,31.29
457,Ailigandi,PA,2022-02-08 19:34:06,9.2333,-78.0167,81.86,73,67,11.77
458,Vega De Alatorre,MX,2022-02-08 19:34:06,20.0333,-96.6333,60.71,72,100,10.98
459,Kusu,JP,2022-02-08 19:34:07,33.2831,131.1514,36.32,93,100,1.16
460,Ierapetra,GR,2022-02-08 19:34:07,35.01,25.7353,50.14,63,85,8.01
461,Itamarandiba,BR,2022-02-08 19:34:08,-17.8572,-42.8589,70.12,95,100,3.51
462,Sampit,ID,2022-02-08 19:34:08,-2.5333,112.95,73.69,97,100,1.16
463,Ardesen,TR,2022-02-08 19:34:09,41.1911,40.9875,51.76,63,100,5.77
464,Libenge,CD,2022-02-08 19:34:09,3.65,18.6333,77.65,24,40,1.92
465,South Sioux City,US,2022-02-08 19:34:09,42.4739,-96.4136,57.15,28,0,18.41
466,Batticaloa,LK,2022-02-08 19:34:10,7.7102,81.6924,77.54,69,99,8.37
467,Itoman,JP,2022-02-08 19:34:10,26.1247,127.6694,62.62,80,20,6.91
468,Lovozero,RU,2022-02-08 19:34:11,68.005,35.0117,11.7,91,100,7.14
469,Illapel,CL,2022-02-08 19:34:11,-31.6308,-71.1653,82.98,43,0,9.33
470,Portland,US,2022-02-08 19:31:01,45.5234,-122.6762,51.46,94,100,3.0
471,Tibati,CM,2022-02-08 19:34:12,6.4667,12.6333,71.58,21,9,5.64
472,Keffi,NG,2022-02-08 19:34:12,8.8486,7.8736,88.18,16,84,3.06
473,Saint-Pierre,RE,2022-02-08 19:34:13,-21.3393,55.4781,76.68,83,40,3.44
474,Zhangjiakou,CN,2022-02-08 19:34:13,40.81,114.8794,20.14,33,89,1.88
475,Telde,ES,2022-02-08 19:34:13,27.9924,-15.4192,70.02,46,0,8.05
476,Podporozhye,RU,2022-02-08 19:34:14,60.9112,34.1706,16.23,100,96,2.89
477,Akdepe,TM,2022-02-08 19:34:14,42.0551,59.3788,30.29,82,4,6.73
478,Novosokolniki,RU,2022-02-08 19:34:15,56.3463,30.1578,27.77,94,100,8.57
479,Mana,GF,2022-02-08 19:34:15,5.6592,-53.7767,80.53,73,36,7.9
480,Suhut,TR,2022-02-08 19:34:16,38.5311,30.5458,32.2,99,100,6.35
481,Ponot,PH,2022-02-08 19:34:16,8.452,123.0222,77.74,89,100,17.09
482,Calvia,ES,2022-02-08 19:34:17,39.5657,2.5062,49.96,62,0,6.29
483,Comodoro Rivadavia,AR,2022-02-08 19:30:01,-45.8667,-67.5,71.46,18,0,13.8
484,Coolum Beach,AU,2022-02-08 19:34:17,-26.5333,153.1,67.23,87,8,7.27
485,Maniitsoq,GL,2022-02-08 19:34:18,65.4167,-52.9,-2.54,84,99,18.72
486,Zhigansk,RU,2022-02-08 19:34:18,66.7697,123.3711,-39.03,100,97,4.43
487,Constitucion,CL,2022-02-08 19:31:30,-35.3333,-72.4167,72.82,58,14,19.77
488,Qandala,SO,2022-02-08 19:34:19,11.472,49.8728,74.21,70,11,4.52
489,Mandera,KE,2022-02-08 19:32:56,3.9366,41.867,84.06,20,100,11.12
490,Douentza,ML,2022-02-08 19:34:19,14.9951,-2.9517,76.62,10,0,6.98
491,Constantine,DZ,2022-02-08 19:34:20,36.365,6.6147,45.81,81,40,4.61
492,Knin,HR,2022-02-08 19:34:20,44.0439,16.2,44.13,70,2,5.88
493,Kathmandu,NP,2022-02-08 19:34:09,27.7167,85.3167,44.82,93,20,4.61
494,Quatre Cocos,MU,2022-02-08 19:35:21,-20.2078,57.7625,76.08,80,93,7.7
495,Sugag,RO,2022-02-08 19:35:21,45.7667,23.6333,29.75,89,14,7.05
496,Hangu,CN,2022-02-08 19:35:22,39.2489,117.7892,23.04,66,96,3.44
497,Wagar,SD,2022-02-08 19:35:22,16.1525,36.2032,74.86,56,8,11.23
498,Arauco,CL,2022-02-08 19:35:23,-37.2463,-73.3175,77.02,49,7,15.39
499,Spencer,US,2022-02-08 19:35:23,43.1414,-95.1444,52.2,63,0,10.36
500,Yaan,NG,2022-02-08 19:35:23,7.3833,8.5667,85.68,13,61,4.47
501,Angoram,PG,2022-02-08 19:35:24,-4.0625,144.0661,73.54,99,82,0.83
502,Huron,US,2022-02-08 19:35:24,41.1501,-82.5499,31.68,66,15,11.21
503,Fort Dodge,US,2022-02-08 19:31:15,42.4975,-94.168,42.89,65,0,10.36
504,Sistranda,NO,2022-02-08 19:35:25,63.7256,8.834,38.89,79,100,37.16
505,Vikulovo,RU,2022-02-08 19:35:25,56.8167,70.6107,-2.97,100,79,4.63
506,Bella Union,UY,2022-02-08 19:35:25,-30.2752,-57.6007,89.17,18,0,11.03
507,Saint Austell,GB,2022-02-08 19:35:26,50.3383,-4.7658,50.56,93,75,9.22
508,Gonbad-E Qabus,IR,2022-02-08 19:35:26,37.25,55.1672,39.11,87,0,4.61
509,Bardiyah,LY,2022-02-08 19:35:27,31.7561,25.0865,55.35,53,100,22.91
510,Pangody,RU,2022-02-08 19:35:27,65.85,74.4859,-3.89,84,87,15.41
511,Maine-Soroa,NE,2022-02-08 19:35:27,13.2114,12.0241,70.3,10,50,8.25
512,Daru,PG,2022-02-08 19:35:28,-9.0763,143.2092,77.92,88,97,5.82
513,Richmond,US,2022-02-08 19:31:27,37.5538,-77.4603,51.96,48,75,9.22
514,Gat,IL,2022-02-08 19:35:29,31.61,34.7642,58.41,57,55,4.99
515,Kaka,TM,2022-02-08 19:35:29,37.3482,59.6143,43.11,65,0,4.38
516,Cuenca,EC,2022-02-08 19:35:29,-2.8833,-78.9833,69.93,49,75,5.75
517,Sao Filipe,CV,2022-02-08 19:35:30,14.8961,-24.4956,72.79,73,2,3.74
518,Nador,MA,2022-02-08 19:35:30,35.174,-2.9287,59.25,77,40,9.22
519,Half Moon Bay,US,2022-02-08 19:31:06,37.4636,-122.4286,71.87,56,0,3.44
520,Hefei,CN,2022-02-08 19:35:31,31.8639,117.2808,33.82,93,100,4.47
521,Dryden,CA,2022-02-08 19:35:31,49.7833,-92.7503,23.29,86,100,11.5
522,Saskylakh,RU,2022-02-08 19:35:32,71.9167,114.0833,1.38,85,100,14.29
523,Karlskrona,SE,2022-02-08 19:35:32,56.1616,15.5866,39.88,76,8,14.76
524,Erdenet,MN,2022-02-08 19:35:32,49.0333,104.0833,-0.76,90,100,2.86
525,Pangoa,PE,2022-02-08 19:35:33,-12.1167,-73.0,79.84,68,66,3.42
526,Channel-Port Aux Basques,CA,2022-02-08 19:30:33,47.5702,-59.1367,34.59,94,100,27.83
527,Martapura,ID,2022-02-08 19:35:33,-3.4167,114.85,73.49,100,100,8.05
528,Aswan,EG,2022-02-08 19:35:34,24.0934,32.907,67.3,19,0,5.75
529,Werda,BW,2022-02-08 19:35:34,-25.2667,23.2833,82.51,35,100,7.09
530,Grindavik,IS,2022-02-08 19:35:34,63.8424,-22.4338,32.47,93,75,8.05
531,Uruguaiana,BR,2022-02-08 19:35:35,-29.7547,-57.0883,85.93,28,20,10.36
532,Tucumcari,US,2022-02-08 19:35:35,35.1717,-103.725,65.95,18,0,3.44
533,Mount Isa,AU,2022-02-08 19:35:36,-20.7333,139.5,74.97,88,1,2.3
534,Druzhba,UA,2022-02-08 19:35:36,52.0428,33.9453,26.73,95,100,6.2
535,Joao Camara,BR,2022-02-08 19:35:37,-5.5375,-35.8197,87.04,51,3,18.57
536,Rabo De Peixe,PT,2022-02-08 19:35:37,37.8,-25.5833,59.27,92,20,4.61
537,Young,UY,2022-02-08 19:35:37,-32.6833,-57.6333,80.22,23,0,8.01
